prompt_id,category,prompt,clip_score,brightness,contrast,edge_density,saturation
obj_001,objects,a red bicycle,0.3190099000930786,97.98,58.41,0.1181,94.98
obj_002,objects,a wooden chair,0.3018827736377716,142.47,76.53,0.0223,39.67
obj_003,objects,a coffee mug,0.3089735209941864,113.03,42.71,0.0104,75.42
obj_004,objects,a laptop computer,0.29675549268722534,130.23,59.16,0.029,67.4
obj_005,objects,a potted plant,0.2986597418785095,129.18,71.22,0.0722,78.17
obj_006,objects,a table lamp,0.3248366117477417,142.2,42.97,0.0208,31.58
obj_007,objects,a wristwatch,0.288635790348053,120.56,78.78,0.1114,67.91
obj_008,objects,a backpack,0.29095637798309326,113.51,62.18,0.0312,81.21
obj_009,objects,a guitar,0.3044455051422119,85.27,82.16,0.2365,128.25
obj_010,objects,a camera,0.26305755972862244,95.39,55.02,0.0763,78.23
obj_011,objects,a pair of scissors,0.3150842487812042,96.18,58.6,0.0252,92.37
obj_012,objects,a pencil,0.3571658432483673,121.54,35.43,0.1636,113.67
obj_013,objects,a book,0.24026405811309814,114.49,76.65,0.1757,128.19
obj_014,objects,a water bottle,0.29132887721061707,101.47,33.62,0.027,59.81
obj_015,objects,a baseball cap,0.29780542850494385,108.34,45.7,0.0299,48.93
obj_016,objects,a soccer ball,0.3025455176830292,120.29,49.26,0.3027,34.69
obj_017,objects,a teddy bear,0.2726036310195923,113.5,87.08,0.0582,124.63
obj_018,objects,an umbrella,0.29682421684265137,107.44,47.5,0.1055,102.07
obj_019,objects,a suitcase,0.283180296421051,109.99,51.32,0.0393,72.9
obj_020,objects,a telephone,0.2668702304363251,127.85,58.32,0.152,40.16
obj_021,objects,a frying pan,0.29529261589050293,110.12,47.4,0.0287,43.81
obj_022,objects,a toaster,0.30369120836257935,112.37,66.72,0.0368,95.52
obj_023,objects,a coffee maker,0.30242782831192017,115.54,72.05,0.0458,61.69
obj_024,objects,a blender,0.32075798511505127,125.31,46.18,0.0432,54.77
obj_025,objects,a cutting board,0.32337498664855957,116.89,46.12,0.1254,146.96
obj_026,objects,a wine glass,0.3054625988006592,133.31,37.85,0.014,44.72
obj_027,objects,a ceramic plate,0.3241555690765381,144.16,61.38,0.2001,45.33
obj_028,objects,a fork and knife,0.2869294285774231,95.99,64.72,0.2418,35.68
obj_029,objects,a tea kettle,0.2992461323738098,99.14,49.53,0.0284,107.25
obj_030,objects,a rolling pin,0.3522303104400635,134.22,29.65,0.0049,32.34
obj_031,objects,a television,0.2769688665866852,130.08,70.83,0.0941,51.67
obj_032,objects,a remote control,0.3167118728160858,109.38,40.51,0.2062,56.34
obj_033,objects,a computer mouse,0.31821852922439575,113.05,56.68,0.0154,79.32
obj_034,objects,a keyboard,0.27161306142807007,126.92,72.33,0.0464,21.0
obj_035,objects,a smartphone,0.24884656071662903,115.38,39.0,0.1122,90.09
obj_036,objects,a tablet,0.27905768156051636,107.64,75.21,0.1747,78.42
obj_037,objects,headphones,0.2720968723297119,114.93,82.44,0.1248,65.35
obj_038,objects,a speaker,0.2868526577949524,132.48,61.38,0.0189,14.59
obj_039,objects,a video game controller,0.2942923307418823,95.43,54.67,0.0319,89.41
obj_040,objects,a USB cable,0.3291800916194916,135.32,33.43,0.013,8.98
obj_041,objects,a sofa,0.2831532955169678,111.54,70.57,0.103,101.74
obj_042,objects,a bookshelf,0.3186968266963959,124.53,64.11,0.0726,71.24
obj_043,objects,a desk,0.28610706329345703,100.43,38.56,0.0329,50.25
obj_044,objects,a bed frame,0.28833848237991333,119.77,72.97,0.0908,41.39
obj_045,objects,a coffee table,0.32053738832473755,125.17,67.33,0.0675,88.78
obj_046,objects,a dining table,0.28121981024742126,106.32,46.43,0.0172,99.01
obj_047,objects,a wardrobe,0.28920891880989075,116.93,69.7,0.0445,80.91
obj_048,objects,a mirror,0.29315435886383057,113.35,76.84,0.0684,55.21
obj_049,objects,a rug,0.31104886531829834,79.71,48.33,0.2753,91.4
obj_050,objects,a curtain,0.2869410514831543,110.21,65.33,0.1019,43.53
obj_051,objects,a bicycle helmet,0.3263791799545288,103.69,76.91,0.1034,113.26
obj_052,objects,a tennis racket,0.30832359194755554,97.8,40.66,0.0649,26.47
obj_053,objects,a skateboard,0.2946685254573822,126.49,70.52,0.0367,86.21
obj_054,objects,a surfboard,0.31122851371765137,111.43,53.0,0.0128,75.57
obj_055,objects,a camping tent,0.3175204396247864,118.02,68.38,0.199,92.17
obj_056,objects,a fishing rod,0.25894784927368164,104.07,49.13,0.088,54.14
obj_057,objects,a garden hose,0.34458011388778687,103.74,65.9,0.209,133.39
obj_058,objects,a wheelbarrow,0.3165334463119507,113.71,63.71,0.2423,137.75
obj_059,objects,a lawn mower,0.2965656816959381,140.69,70.26,0.2156,88.71
obj_060,objects,a bird feeder,0.3162957727909088,114.55,64.87,0.0841,78.31
obj_061,objects,a leather belt,0.29114657640457153,123.58,49.4,0.0253,73.15
obj_062,objects,a necktie,0.2959493398666382,88.46,55.08,0.1766,128.58
obj_063,objects,a scarf,0.2809077501296997,119.74,58.47,0.064,99.56
obj_064,objects,a pair of sunglasses,0.30602699518203735,102.19,52.02,0.163,140.05
obj_065,objects,a handbag,0.2858867645263672,117.66,51.0,0.0514,96.1
obj_066,objects,a wallet,0.29843729734420776,94.36,42.31,0.0366,107.02
obj_067,objects,running shoes,0.2629448175430298,114.89,59.41,0.0865,54.85
obj_068,objects,a winter jacket,0.31726157665252686,88.75,35.13,0.1264,65.86
obj_069,objects,a wool sweater,0.3190329372882843,110.56,78.57,0.135,22.79
obj_070,objects,a pair of jeans,0.2978004217147827,119.13,59.2,0.0666,177.39
obj_071,objects,a hammer,0.2662632465362549,99.28,47.01,0.2063,47.41
obj_072,objects,a screwdriver,0.3137960433959961,105.0,23.43,0.0099,16.18
obj_073,objects,a wrench,0.277030348777771,114.88,50.96,0.1889,30.85
obj_074,objects,a drill,0.27744433283805847,124.02,38.63,0.0221,3.52
obj_075,objects,a saw,0.296913743019104,110.27,52.19,0.0636,66.91
obj_076,objects,a measuring tape,0.294792503118515,110.2,34.94,0.0386,83.45
obj_077,objects,a flashlight,0.30447348952293396,107.62,48.21,0.2598,59.6
obj_078,objects,a ladder,0.2993985712528229,99.2,51.59,0.1832,52.42
obj_079,objects,a toolbox,0.3407785892486572,92.79,55.47,0.1037,70.99
obj_080,objects,a paint brush,0.28375768661499023,120.68,57.56,0.1747,92.11
obj_081,objects,a pinecone,0.3310397267341614,123.3,56.87,0.1069,89.37
obj_082,objects,a seashell,0.31142860651016235,106.79,25.69,0.0373,63.04
obj_083,objects,a flower bouquet,0.29597967863082886,116.69,58.0,0.1272,97.38
obj_084,objects,a cactus,0.3422747850418091,119.31,32.08,0.0627,65.04
obj_085,objects,a bonsai tree,0.3393869996070862,127.66,62.64,0.1795,104.28
obj_086,objects,a sunflower,0.3145829439163208,120.63,37.35,0.0858,91.27
obj_087,objects,a maple leaf,0.33242499828338623,116.27,68.65,0.1654,234.42
obj_088,objects,a bird nest,0.2992662191390991,96.89,56.64,0.1647,101.09
obj_089,objects,a butterfly,0.29214733839035034,126.32,55.21,0.0464,153.72
obj_090,objects,a ladybug,0.31451350450515747,131.13,50.14,0.1651,41.46
obj_091,objects,a loaf of bread,0.30779218673706055,98.47,58.38,0.0264,146.45
obj_092,objects,a birthday cake,0.29116547107696533,124.04,59.56,0.0423,80.62
obj_093,objects,a pizza slice,0.2842787802219391,131.55,72.83,0.0849,88.3
obj_094,objects,a hamburger,0.26396870613098145,127.94,50.09,0.0408,91.85
obj_095,objects,an ice cream cone,0.32030215859413147,91.51,47.53,0.0292,110.85
obj_096,objects,a bowl of fruit,0.32141053676605225,105.18,81.15,0.0629,192.26
obj_097,objects,a cheese wheel,0.2758287191390991,94.97,59.08,0.0555,80.6
obj_098,objects,a chocolate bar,0.2978125810623169,115.99,79.94,0.0587,127.45
obj_099,objects,a cup of coffee,0.27981358766555786,112.89,67.28,0.1875,81.17
obj_100,objects,a glass of orange juice,0.3005618453025818,123.97,43.77,0.0269,44.3
att_001,attributes,a shiny ceramic mug,0.3150002062320709,119.58,45.86,0.021,121.63
att_002,attributes,a rusty metal bicycle,0.33399587869644165,123.36,59.68,0.1346,81.44
att_003,attributes,a fluffy white cat,0.3372020721435547,122.8,63.79,0.0294,33.58
att_004,attributes,a transparent glass vase,0.3413568139076233,124.29,42.11,0.0571,89.29
att_005,attributes,a smooth polished stone,0.18526847660541534,105.57,69.27,0.0688,111.02
att_006,attributes,a rough wooden table,0.21126437187194824,129.31,64.8,0.1834,181.35
att_007,attributes,a soft velvet cushion,0.2050294280052185,107.33,46.48,0.0788,55.45
att_008,attributes,a wrinkled old newspaper,0.15955328941345215,101.2,50.75,0.0279,78.89
att_009,attributes,a glossy red apple,0.17752017080783844,106.16,57.7,0.0376,95.18
att_010,attributes,a matte black smartphone,0.19486618041992188,124.31,38.25,0.0233,53.49
att_011,attributes,a colorful striped umbrella,0.1729443073272705,104.15,68.01,0.1553,148.92
att_012,attributes,a golden metallic watch,0.16721299290657043,124.04,47.68,0.2589,54.19
att_013,attributes,a silver necklace,0.19160674512386322,118.64,35.66,0.291,55.22
att_014,attributes,a blue denim jacket,0.18858657777309418,144.98,70.56,0.0938,43.67
att_015,attributes,a green plaid shirt,0.1796136498451233,119.9,54.67,0.0185,113.58
att_016,attributes,a purple polka dot dress,0.19857296347618103,91.34,29.59,0.0036,109.44
att_017,attributes,a rainbow colored kite,0.17454394698143005,141.9,61.29,0.0487,36.52
att_018,attributes,a black and white chess board,0.15972618758678436,115.19,61.1,0.093,101.83
att_019,attributes,a red checkered tablecloth,0.12584099173545837,107.47,62.24,0.1556,51.04
att_020,attributes,a multicolored mosaic tile,0.16783103346824646,105.64,56.47,0.0341,84.95
att_021,attributes,a dusty antique book,0.2948763966560364,104.14,70.44,0.1059,128.61
att_022,attributes,a brand new sports car,0.28069841861724854,127.79,50.31,0.0494,10.74
att_023,attributes,a worn leather wallet,0.33217498660087585,97.76,43.45,0.1837,116.8
att_024,attributes,a pristine white sneakers,0.3199678063392639,142.53,56.16,0.022,50.59
att_025,attributes,a faded vintage poster,0.27960219979286194,125.99,60.71,0.0561,92.31
att_026,attributes,a cracked ceramic pot,0.292641282081604,130.09,45.5,0.0383,86.34
att_027,attributes,a tarnished brass doorknob,0.33840855956077576,107.28,39.74,0.0488,79.42
att_028,attributes,a freshly painted fence,0.3308183550834656,125.94,67.92,0.2135,76.54
att_029,attributes,a weathered wooden bench,0.3297991156578064,94.25,51.89,0.2558,81.77
att_030,attributes,a sparkling clean window,0.2714919447898865,114.75,70.23,0.225,95.27
att_031,attributes,a tiny porcelain figurine,0.33833733201026917,123.59,31.82,0.0197,13.58
att_032,attributes,a massive oak tree,0.31457602977752686,112.33,73.62,0.1958,99.78
att_033,attributes,a miniature toy car,0.32941579818725586,95.73,59.64,0.3012,127.46
att_034,attributes,a large canvas painting,0.2996761202812195,123.67,48.82,0.0717,69.9
att_035,attributes,a small pocket watch,0.3322911858558655,108.32,63.24,0.0775,70.82
att_036,attributes,a giant teddy bear,0.2916441559791565,112.99,62.92,0.1426,74.71
att_037,attributes,a compact digital camera,0.3063943088054657,99.27,50.1,0.2545,149.09
att_038,attributes,a oversized sunglasses,0.27994948625564575,105.05,71.97,0.0806,72.16
att_039,attributes,a thin paperback book,0.2650134265422821,103.28,71.43,0.0596,91.0
att_040,attributes,a thick wool blanket,0.3050880432128906,129.72,60.45,0.1617,36.42
att_041,attributes,a crystal clear diamond,0.31710004806518555,140.44,45.95,0.0494,18.16
att_042,attributes,a marble white sculpture,0.31181851029396057,140.1,27.38,0.0185,13.99
att_043,attributes,a bronze horse statue,0.3304808735847473,117.13,66.5,0.0591,85.56
att_044,attributes,a ceramic flower pot,0.34538593888282776,108.47,63.38,0.2501,84.62
att_045,attributes,a plastic water bottle,0.34337806701660156,151.8,34.69,0.0819,34.58
att_046,attributes,a wooden rocking chair,0.3226885199546814,87.93,61.12,0.1243,149.09
att_047,attributes,a metal filing cabinet,0.3181222677230835,91.28,63.97,0.064,130.03
att_048,attributes,a glass chandelier,0.33957865834236145,109.84,36.77,0.1424,73.39
att_049,attributes,a rubber duck toy,0.3026120066642761,120.54,35.55,0.0219,58.99
att_050,attributes,a bamboo cutting board,0.343091756105423,130.92,47.48,0.0917,144.91
att_051,attributes,a glowing neon sign,0.32082024216651917,122.14,57.7,0.0882,146.58
att_052,attributes,a dim candlelit room,0.2676219940185547,106.07,41.79,0.0511,95.5
att_053,attributes,a bright sunny beach,0.26750749349594116,128.38,45.94,0.0455,93.73
att_054,attributes,a frozen ice sculpture,0.34330177307128906,144.71,63.85,0.0863,61.19
att_055,attributes,a steaming hot coffee,0.275837779045105,93.35,75.72,0.0614,144.0
att_056,attributes,a cold glass of lemonade,0.28395020961761475,118.0,43.12,0.0654,65.71
att_057,attributes,a warm fireplace,0.2860286235809326,120.8,78.34,0.0521,81.74
att_058,attributes,a cool shaded porch,0.31084656715393066,119.41,49.6,0.1563,38.87
att_059,attributes,a blazing bonfire,0.28905361890792847,84.9,59.55,0.0689,124.39
att_060,attributes,a frosty winter window,0.33361107110977173,141.27,72.76,0.2192,91.62
att_061,attributes,a cheerful yellow sunflower,0.3361034393310547,124.18,45.01,0.0431,163.24
att_062,attributes,a gloomy gray sky,0.28276950120925903,108.57,58.12,0.0384,11.91
att_063,attributes,a peaceful zen garden,0.33890610933303833,105.38,61.26,0.166,138.82
att_064,attributes,an elegant crystal vase,0.331840842962265,108.59,52.78,0.1142,118.12
att_065,attributes,a cozy reading nook,0.3458626866340637,124.27,69.45,0.1338,85.13
att_066,attributes,a dramatic red curtain,0.3189491927623749,108.87,75.0,0.0729,154.78
att_067,attributes,a serene lake reflection,0.29696887731552124,93.37,66.31,0.1169,128.71
att_068,attributes,a vibrant market stall,0.3234720230102539,120.05,67.64,0.2172,154.38
att_069,attributes,a mysterious dark alley,0.32303574681282043,86.92,71.14,0.1273,118.39
att_070,attributes,a romantic candlelit dinner,0.29534053802490234,99.8,71.27,0.0807,127.94
att_071,attributes,a small rusty key,0.32917213439941406,121.72,40.72,0.0253,34.16
att_072,attributes,a large fluffy pillow,0.2739824056625366,138.67,53.54,0.0528,28.0
att_073,attributes,a old wooden music box,0.33719122409820557,102.97,53.01,0.0723,113.57
att_074,attributes,a new shiny bicycle,0.28628820180892944,115.56,58.6,0.1501,60.09
att_075,attributes,a tiny delicate teacup,0.3060760796070099,145.01,33.69,0.0086,60.71
att_076,attributes,a huge ancient tree,0.2951544523239136,110.94,62.08,0.2896,105.27
att_077,attributes,a soft warm blanket,0.23825746774673462,100.83,59.62,0.2184,89.12
att_078,attributes,a hard cold marble floor,0.34175288677215576,129.6,44.67,0.0441,49.93
att_079,attributes,a light airy curtain,0.326801598072052,111.15,57.21,0.072,91.65
att_080,attributes,a heavy ornate chandelier,0.33166050910949707,98.02,66.33,0.1417,100.26
att_081,attributes,a fuzzy green tennis ball,0.33397066593170166,101.35,43.02,0.341,37.17
att_082,attributes,a sleek modern laptop,0.3072865605354309,131.53,67.53,0.0475,39.75
att_083,attributes,a bumpy orange peel,0.29686474800109863,106.56,30.95,0.0088,128.25
att_084,attributes,a silky blue ribbon,0.32744646072387695,124.23,58.76,0.2833,123.24
att_085,attributes,a coarse sand paper,0.32476919889450073,123.66,33.13,0.0062,57.14
att_086,attributes,a smooth river stone,0.3529071807861328,124.75,31.12,0.0691,25.34
att_087,attributes,a prickly cactus plant,0.3147549629211426,97.64,59.35,0.1684,86.53
att_088,attributes,a feathery peacock tail,0.32840293645858765,110.82,54.92,0.2719,89.61
att_089,attributes,a scaly fish skin,0.3081221580505371,105.21,47.88,0.274,17.56
att_090,attributes,a spongy yellow cheese,0.2869507074356079,97.37,60.13,0.0166,110.15
rel_001,relations,a cat sitting on a sofa,0.2744998335838318,106.85,50.36,0.0255,93.12
rel_002,relations,a book on a wooden table,0.27838778495788574,90.43,55.54,0.0695,74.46
rel_003,relations,a lamp next to a bed,0.3095501661300659,123.66,51.97,0.0307,44.64
rel_004,relations,a cup on a saucer,0.31109583377838135,123.0,60.6,0.0771,49.88
rel_005,relations,a bird perched on a branch,0.30348578095436096,112.97,50.12,0.0522,60.64
rel_006,relations,a clock hanging on a wall,0.3503990173339844,106.41,60.71,0.1107,67.24
rel_007,relations,a dog lying under a tree,0.29962801933288574,117.0,63.54,0.164,118.97
rel_008,relations,a vase in front of a window,0.3295864760875702,128.95,58.59,0.0285,61.59
rel_009,relations,a phone beside a laptop,0.24776151776313782,109.06,53.1,0.056,152.59
rel_010,relations,a hat on a person's head,0.27952760457992554,119.69,51.61,0.1031,78.61
rel_011,relations,a painting above a fireplace,0.3556888997554779,120.12,66.41,0.0691,97.73
rel_012,relations,a rug under a coffee table,0.1714189350605011,103.81,57.12,0.0866,97.75
rel_013,relations,a chandelier above a dining table,0.1851631999015808,136.2,37.84,0.0718,56.76
rel_014,relations,a shelf above a desk,0.16524970531463623,104.32,37.43,0.1665,29.43
rel_015,relations,a cat under a chair,0.1303233653306961,144.23,58.94,0.1088,41.41
rel_016,relations,a plane above the clouds,0.10683845728635788,124.42,53.67,0.0626,49.03
rel_017,relations,a submarine below the water,0.13931423425674438,118.43,64.57,0.0437,38.47
rel_018,relations,a bird above a lake,0.14432169497013092,127.06,60.21,0.1387,66.15
rel_019,relations,a treasure under the sand,0.17906248569488525,131.07,55.98,0.0291,83.2
rel_020,relations,a rainbow above a mountain,0.09714268893003464,98.03,67.95,0.0841,94.93
rel_021,relations,a ball inside a basket,0.315902441740036,75.65,56.66,0.1373,106.47
rel_022,relations,a flower in a vase,0.3050212264060974,105.93,39.34,0.0529,74.32
rel_023,relations,a key on a keychain,0.32660967111587524,83.66,53.7,0.0934,53.4
rel_024,relations,a fish inside a bowl,0.29833149909973145,144.78,47.62,0.1282,77.48
rel_025,relations,a bird inside a cage,0.30389517545700073,113.78,68.73,0.1054,44.95
rel_026,relations,a car inside a garage,0.2887888252735138,133.68,84.2,0.117,72.91
rel_027,relations,a person inside a phone booth,0.3158302307128906,109.03,81.62,0.1973,134.7
rel_028,relations,a letter inside an envelope,0.30467653274536133,125.55,66.83,0.0101,72.51
rel_029,relations,a coin inside a jar,0.30591633915901184,112.86,67.91,0.1055,80.24
rel_030,relations,a plant inside a terrarium,0.3136114180088043,114.64,67.33,0.1613,106.06
rel_031,relations,a pen on a notebook,0.2944513261318207,95.99,64.74,0.22,100.35
rel_032,relations,a pillow on a chair,0.2830135226249695,123.11,57.5,0.0278,39.29
rel_033,relations,a shoe under a bed,0.30503833293914795,150.74,63.26,0.0663,39.85
rel_034,relations,a bag next to a door,0.3131960928440094,122.23,50.19,0.0367,28.85
rel_035,relations,a glass on a coaster,0.2713150382041931,105.16,51.29,0.1695,56.92
rel_036,relations,a watch on a wrist,0.269546777009964,125.46,63.91,0.0484,53.41
rel_037,relations,a book between two bookends,0.28597378730773926,132.43,86.21,0.0708,98.35
rel_038,relations,a child between two parents,0.26710671186447144,128.12,50.2,0.084,97.04
rel_039,relations,a house between two trees,0.2958466410636902,91.66,59.53,0.2778,113.82
rel_040,relations,a river between two mountains,0.30201226472854614,105.58,62.38,0.1379,56.12
rel_041,relations,a person in front of a building,0.28386926651000977,127.86,65.11,0.1221,22.27
rel_042,relations,a car behind a truck,0.23872199654579163,109.15,66.39,0.1888,99.03
rel_043,relations,a dog in front of a house,0.32427120208740234,125.49,69.28,0.1804,85.76
rel_044,relations,a tree behind a fence,0.25423118472099304,112.59,42.8,0.2683,62.88
rel_045,relations,a statue in front of a museum,0.29040372371673584,127.1,78.38,0.1348,103.1
rel_046,relations,a boat behind an island,0.28597190976142883,155.81,45.98,0.0612,59.15
rel_047,relations,a moon behind clouds,0.31014180183410645,127.61,32.61,0.0066,66.64
rel_048,relations,a sun behind mountains,0.27638524770736694,96.94,48.34,0.0177,138.72
rel_049,relations,a person behind a counter,0.25943946838378906,112.33,74.14,0.0956,74.97
rel_050,relations,a cat behind a curtain,0.2724218964576721,120.6,49.37,0.0521,52.86
rel_051,relations,a laptop on a desk near a window,0.2910082936286926,118.38,85.74,0.0537,93.51
rel_052,relations,a cat sleeping on a pillow on a bed,0.29535168409347534,123.99,60.72,0.0499,49.33
rel_053,relations,flowers in a vase on a table by the window,0.32484278082847595,125.94,58.25,0.0459,71.63
rel_054,relations,books stacked on a shelf above a fireplace,0.3103873133659363,110.84,73.12,0.1009,112.1
rel_055,relations,a dog sitting next to a person on a bench,0.30236464738845825,117.33,71.26,0.16,104.89
rel_056,relations,a bird flying over a lake near mountains,0.32331135869026184,140.26,59.6,0.1747,77.0
rel_057,relations,a car parked in front of a house with a garden,0.3117460012435913,126.47,69.58,0.1781,124.21
rel_058,relations,a child playing under a tree in a park,0.3404124975204468,114.6,80.62,0.2258,94.14
rel_059,relations,a coffee cup on a saucer on a wooden table,0.3002428114414215,115.53,47.71,0.0978,124.51
rel_060,relations,a painting hanging above a sofa in a living room,0.32914191484451294,133.66,64.37,0.061,33.21
rel_061,relations,a bridge over a river,0.2905437648296356,108.02,55.84,0.2324,106.84
rel_062,relations,a tunnel through a mountain,0.27590519189834595,87.14,66.31,0.1192,107.25
rel_063,relations,a path along a beach,0.30112260580062866,90.12,64.71,0.2508,114.12
rel_064,relations,a fence around a garden,0.3029824495315552,112.98,55.23,0.2901,115.82
rel_065,relations,a frame around a picture,0.2746613323688507,124.47,73.8,0.197,20.26
rel_066,relations,a border around a page,0.2646186351776123,135.07,60.25,0.1662,47.12
rel_067,relations,a ring around a finger,0.31029337644577026,132.33,41.61,0.0108,85.38
rel_068,relations,a scarf around a neck,0.2943868637084961,133.99,76.0,0.1459,47.78
rel_069,relations,a belt around a waist,0.30298912525177,117.49,42.5,0.0226,36.95
rel_070,relations,a leash around a dog,0.3152744174003601,104.3,63.72,0.1452,118.76
rel_071,relations,a person walking towards a door,0.3051295280456543,87.48,67.3,0.1161,162.67
rel_072,relations,a car driving away from a city,0.26378121972084045,114.93,66.9,0.1658,70.92
rel_073,relations,a bird flying into a tree,0.31324467062950134,110.78,68.6,0.3083,108.38
rel_074,relations,a ball rolling down a hill,0.3325044810771942,99.6,54.38,0.3138,146.47
rel_075,relations,a leaf falling from a branch,0.3260084390640259,100.79,71.96,0.1147,159.8
rel_076,relations,smoke rising from a chimney,0.3343278765678406,108.2,36.95,0.1718,60.96
rel_077,relations,water flowing over rocks,0.298444539308548,95.33,71.84,0.1561,105.91
rel_078,relations,light shining through a window,0.2917773723602295,101.6,72.93,0.2138,42.17
rel_079,relations,shadows cast across a floor,0.2835843861103058,110.56,32.55,0.0305,36.68
rel_080,relations,reflections in a puddle,0.30318933725357056,134.15,48.98,0.17,121.08
rel_081,relations,a family gathered around a dinner table,0.27915075421333313,94.84,71.57,0.1276,122.73
rel_082,relations,students sitting in rows in a classroom,0.31392496824264526,114.74,68.45,0.1178,70.89
rel_083,relations,boats floating on a calm harbor,0.30792519450187683,127.13,65.65,0.1584,89.55
rel_084,relations,mountains reflected in a still lake,0.3227216303348541,101.56,59.02,0.2038,108.69
rel_085,relations,stars scattered across the night sky,0.273013174533844,91.0,51.17,0.0782,152.1
rel_086,relations,leaves covering a forest floor,0.31264999508857727,79.73,53.6,0.3071,123.14
rel_087,relations,clouds drifting across a blue sky,0.2879907488822937,124.13,32.54,0.0081,72.73
rel_088,relations,waves crashing against rocky shores,0.28201228380203247,137.65,60.65,0.1241,60.72
rel_089,relations,birds perched along a telephone wire,0.3424740433692932,130.24,75.19,0.1227,25.93
rel_090,relations,flowers blooming along a garden path,0.31472402811050415,114.54,49.02,0.2981,171.03
cou_001,counting,one red apple on a plate,0.23430997133255005,144.48,60.27,0.0607,79.24
cou_002,counting,two cats sitting together,0.16270199418067932,111.72,30.68,0.0278,107.92
cou_003,counting,three flowers in a vase,0.1823289394378662,122.15,43.11,0.0405,212.03
cou_004,counting,one tall tree in a field,0.16535764932632446,122.07,73.1,0.1087,109.97
cou_005,counting,two birds on a branch,0.17602406442165375,118.18,47.85,0.1262,122.05
cou_006,counting,three candles on a cake,0.20271006226539612,115.32,51.93,0.0667,85.29
cou_007,counting,one boat on a lake,0.12144681811332703,99.33,30.32,0.0246,75.33
cou_008,counting,two shoes on the floor,0.19320131838321686,129.15,50.13,0.0758,13.16
cou_009,counting,three books on a shelf,0.2216917723417282,103.55,49.55,0.0059,85.7
cou_010,counting,one sun in the sky,0.14860312640666962,97.77,43.5,0.0222,57.8
cou_011,counting,four books stacked together,0.20078611373901367,89.68,57.24,0.178,58.94
cou_012,counting,five colorful balloons,0.17515966296195984,111.74,60.24,0.0273,86.51
cou_013,counting,six pencils in a cup,0.18420861661434174,92.05,46.5,0.2704,84.36
cou_014,counting,four chairs around a table,0.1780587136745453,141.47,49.65,0.0956,117.68
cou_015,counting,five fingers on a hand,0.1877090036869049,108.02,79.67,0.0731,95.68
cou_016,counting,six eggs in a carton,0.17733871936798096,131.94,51.33,0.0946,77.85
cou_017,counting,four wheels on a car,0.21098271012306213,107.54,61.39,0.177,29.57
cou_018,counting,five petals on a flower,0.22460439801216125,136.43,54.17,0.0557,92.15
cou_019,counting,six strings on a guitar,0.16945050656795502,124.32,63.07,0.1279,106.04
cou_020,counting,four legs on a dog,0.25078871846199036,108.29,60.14,0.2372,101.59
cou_021,counting,seven stars in the sky,0.28591427206993103,107.79,46.04,0.0489,80.7
cou_022,counting,eight tentacles on an octopus,0.2671126425266266,118.56,58.83,0.0998,106.88
cou_023,counting,nine planets in space,0.33423474431037903,118.02,90.08,0.0832,128.01
cou_024,counting,ten fingers on two hands,0.25838136672973633,107.59,37.86,0.0175,56.91
cou_025,counting,seven colors in a rainbow,0.27536842226982117,113.65,79.63,0.0373,187.2
cou_026,counting,eight slices of pizza,0.262743204832077,120.92,74.1,0.1209,100.42
cou_027,counting,nine squares in a grid,0.29656511545181274,109.54,65.49,0.0399,6.45
cou_028,counting,ten bowling pins,0.2914355397224426,109.47,61.8,0.0572,151.06
cou_029,counting,seven days on a calendar,0.2844979465007782,131.69,98.48,0.1357,59.58
cou_030,counting,eight windows on a building,0.3129422664642334,111.2,59.65,0.2354,126.19
cou_031,counting,a pair of glasses,0.2879152297973633,96.61,37.0,0.0345,128.82
cou_032,counting,a pair of socks,0.31118184328079224,96.22,54.63,0.0409,180.82
cou_033,counting,a set of keys,0.32093268632888794,103.6,70.72,0.0475,71.33
cou_034,counting,a deck of cards,0.2907773554325104,120.75,105.7,0.1219,30.03
cou_035,counting,a bunch of grapes,0.29204288125038147,128.53,64.05,0.069,153.08
cou_036,counting,a flock of birds,0.30706191062927246,116.92,91.58,0.1781,73.46
cou_037,counting,a herd of sheep,0.3034120500087738,102.35,66.22,0.1505,61.92
cou_038,counting,a school of fish,0.31496182084083557,104.03,86.22,0.1531,161.15
cou_039,counting,a swarm of bees,0.29518523812294006,107.62,57.59,0.3308,125.12
cou_040,counting,a pack of wolves,0.322451651096344,118.11,64.17,0.1649,85.5
cou_041,counting,three oranges on a plate,0.3454703986644745,135.96,42.83,0.0268,133.48
cou_042,counting,two red apples and one green apple,0.28825080394744873,104.56,58.33,0.0634,140.85
cou_043,counting,five birds on a wire,0.3254029154777527,123.1,20.61,0.0153,20.35
cou_044,counting,four cookies on a plate,0.2916347086429596,115.04,73.31,0.0656,128.75
cou_045,counting,six fish in a bowl,0.3224779963493347,111.28,53.18,0.1509,152.63
cou_046,counting,three trees in a row,0.30646997690200806,117.0,65.19,0.2495,144.32
cou_047,counting,two bicycles parked together,0.2933914065361023,119.56,64.79,0.198,86.33
cou_048,counting,four butterflies flying,0.318543940782547,130.3,39.74,0.0704,122.29
cou_049,counting,three puppies playing,0.3377513587474823,124.46,52.91,0.161,97.48
cou_050,counting,five ducks in a pond,0.30934789776802063,98.32,47.74,0.1845,96.91
cou_051,counting,two slices of bread,0.2926577925682068,121.3,75.46,0.1414,115.65
cou_052,counting,three scoops of ice cream,0.2748602628707886,110.36,69.32,0.0309,126.42
cou_053,counting,four pieces of sushi,0.2998836636543274,118.55,65.58,0.1386,60.26
cou_054,counting,five strawberries in a bowl,0.29386794567108154,140.71,50.84,0.1427,50.66
cou_055,counting,six donuts in a box,0.31310194730758667,116.02,71.19,0.1193,135.02
cou_056,counting,two cups of coffee,0.2930316925048828,113.93,85.5,0.1,120.85
cou_057,counting,three cupcakes on a stand,0.3033326268196106,133.55,60.2,0.0714,98.62
cou_058,counting,four slices of pizza,0.2844051718711853,101.18,73.07,0.1459,174.36
cou_059,counting,five cherries on top,0.2929421663284302,111.08,56.02,0.072,140.71
cou_060,counting,two sandwiches on a plate,0.28726887702941895,146.81,70.1,0.0785,98.22
cou_061,counting,three pencils and two erasers,0.28548192977905273,86.24,32.24,0.0082,25.41
cou_062,counting,four red balls and two blue balls,0.30592697858810425,95.5,44.3,0.1922,110.63
cou_063,counting,five tall buildings,0.29316574335098267,112.87,82.01,0.2247,103.63
cou_064,counting,six windows in a row,0.31334927678108215,133.91,92.04,0.1441,15.18
cou_065,counting,two doors side by side,0.29169660806655884,110.78,88.0,0.2172,50.66
cou_066,counting,three stairs going up,0.28733062744140625,104.62,81.16,0.1974,28.48
cou_067,counting,four picture frames on a wall,0.3466912508010864,155.51,63.24,0.0469,12.41
cou_068,counting,five coins on a table,0.30675214529037476,93.87,63.04,0.0855,152.67
cou_069,counting,two clocks showing different times,0.3251357078552246,122.17,77.3,0.0557,73.08
cou_070,counting,three mirrors reflecting,0.2796299159526825,100.7,42.38,0.1936,98.51
cou_071,counting,four seasons in pictures,0.31534135341644287,119.8,72.77,0.1791,175.43
cou_072,counting,three mountain peaks,0.30063414573669434,110.69,50.55,0.1344,108.67
cou_073,counting,two rivers meeting,0.27622270584106445,118.05,41.58,0.131,55.63
cou_074,counting,five clouds in the sky,0.2778016924858093,112.34,68.13,0.0287,173.75
cou_075,counting,four leaves on a stem,0.2815479338169098,125.45,34.61,0.3082,50.67
cou_076,counting,six waves on a beach,0.28326845169067383,120.15,47.34,0.1379,93.4
cou_077,counting,three stones stacked,0.31279581785202026,121.75,49.64,0.0127,38.95
cou_078,counting,two rainbows crossing,0.28620803356170654,121.78,50.95,0.0645,132.82
cou_079,counting,four trees in autumn,0.3006722629070282,84.48,59.92,0.2245,143.63
cou_080,counting,five snowflakes falling,0.30074983835220337,116.82,75.42,0.1277,108.29
cou_081,counting,two horses running,0.29480040073394775,134.11,52.96,0.1339,92.59
cou_082,counting,three elephants walking,0.32705122232437134,121.04,80.04,0.1873,87.26
cou_083,counting,four penguins standing,0.331895649433136,117.82,60.88,0.0647,35.01
cou_084,counting,five flamingos in water,0.3178950548171997,151.56,42.42,0.0496,130.77
cou_085,counting,six ladybugs on a leaf,0.34444642066955566,97.2,33.36,0.0783,95.33
cou_086,counting,two owls on a branch,0.3272189497947693,134.57,47.67,0.1222,81.22
cou_087,counting,three frogs on lily pads,0.34383314847946167,111.35,67.77,0.1056,188.25
cou_088,counting,four rabbits in grass,0.32690513134002686,142.51,49.74,0.1474,154.67
cou_089,counting,five goldfish swimming,0.32279297709465027,118.22,40.73,0.0581,203.5
cou_090,counting,two turtles on a log,0.34496209025382996,110.34,69.2,0.2072,129.95
cou_091,counting,seven musical notes,0.24574095010757446,112.85,39.64,0.0335,6.11
cou_092,counting,eight chess pieces,0.2859312891960144,112.69,76.09,0.0444,123.02
cou_093,counting,nine circles in a pattern,0.31390756368637085,105.62,90.25,0.3417,51.71
cou_094,counting,ten dots in two rows,0.30126482248306274,130.2,117.41,0.1166,64.28
cou_095,counting,three hearts in a row,0.28024694323539734,89.99,34.69,0.01,26.99
cou_096,counting,four arrows pointing,0.278751939535141,100.39,38.96,0.0275,87.88
cou_097,counting,five gears interlocking,0.29688772559165955,129.17,68.62,0.0999,29.62
cou_098,counting,six hexagons together,0.31110677123069763,113.38,60.53,0.0886,20.38
cou_099,counting,two triangles overlapping,0.27287405729293823,98.5,26.74,0.0912,12.08
cou_100,counting,four squares in a grid,0.2618466019630432,149.16,110.82,0.1572,45.01
sty_001,styles,a watercolor painting of a mountain,0.3405682146549225,121.59,43.03,0.016,62.1
sty_002,styles,an oil painting of a sunset,0.3523029088973999,94.79,29.98,0.0065,131.35
sty_003,styles,a pencil sketch of a portrait,0.3194960355758667,114.83,32.92,0.0449,4.15
sty_004,styles,an impressionist painting of a garden,0.14693012833595276,102.01,57.86,0.1237,140.35
sty_005,styles,a realistic painting of a tiger,0.1666470468044281,131.56,65.32,0.1456,70.59
sty_006,styles,a charcoal drawing of a tree,0.17628538608551025,102.86,37.83,0.197,111.58
sty_007,styles,a pastel drawing of flowers,0.13020500540733337,120.71,46.91,0.0916,16.18
sty_008,styles,a renaissance painting of angels,0.16491782665252686,107.41,87.9,0.0981,160.14
sty_009,styles,a baroque painting of a feast,0.17903929948806763,108.21,55.01,0.0202,107.48
sty_010,styles,an acrylic painting of the ocean,0.2150750607252121,103.48,60.43,0.1782,173.63
sty_011,styles,a digital art of a city,0.1710166335105896,124.86,55.29,0.0854,4.54
sty_012,styles,an abstract painting with circles,0.19808970391750336,102.9,48.59,0.133,110.57
sty_013,styles,a pop art portrait,0.19901791214942932,137.74,36.13,0.0325,67.7
sty_014,styles,a cubist painting of a face,0.2239399254322052,145.86,82.93,0.0666,73.83
sty_015,styles,a surrealist painting of a clock,0.23323193192481995,120.89,40.99,0.091,11.93
sty_016,styles,a minimalist design of a chair,0.16202199459075928,119.51,26.85,0.0043,78.39
sty_017,styles,a pixel art of a spaceship,0.1529211550951004,97.37,57.27,0.0965,125.1
sty_018,styles,a vector illustration of a logo,0.21337106823921204,142.07,83.8,0.067,126.51
sty_019,styles,a graffiti style mural,0.1917397677898407,138.39,57.6,0.0972,12.94
sty_020,styles,a contemporary art installation,0.16526709496974945,126.15,54.16,0.0223,27.65
sty_021,styles,a photograph of a beach,0.2747480869293213,100.55,28.86,0.0792,116.84
sty_022,styles,a vintage photograph of a street,0.31756672263145447,114.02,70.08,0.1136,42.14
sty_023,styles,a black and white photograph of a person,0.2539529502391815,123.75,59.47,0.0401,13.65
sty_024,styles,a macro photograph of an insect,0.3010045289993286,83.12,58.03,0.2575,55.79
sty_025,styles,a long exposure photograph of stars,0.3156229853630066,94.37,50.22,0.0901,134.27
sty_026,styles,a portrait photograph with bokeh,0.2884231209754944,125.15,44.91,0.0015,2.75
sty_027,styles,a landscape photograph at golden hour,0.2971615791320801,86.61,39.67,0.1568,180.82
sty_028,styles,a street photography scene,0.27357548475265503,112.34,64.86,0.1375,70.18
sty_029,styles,an aerial photograph of a city,0.3045763075351715,121.86,43.49,0.2472,30.75
sty_030,styles,an underwater photograph of coral,0.3068068027496338,91.2,61.12,0.2273,173.09
sty_031,styles,a cartoon drawing of a robot,0.3111169934272766,146.66,119.6,0.0961,12.37
sty_032,styles,a manga style drawing of a hero,0.3030891716480255,130.64,67.6,0.1074,15.9
sty_033,styles,a comic book illustration of a superhero,0.2769946753978729,93.49,66.44,0.1035,199.87
sty_034,styles,a children's book illustration of animals,0.3276916742324829,140.95,33.17,0.0485,140.62
sty_035,styles,a botanical illustration of a rose,0.28344982862472534,119.65,22.19,0.0227,39.44
sty_036,styles,a scientific illustration of anatomy,0.29047930240631104,111.68,75.38,0.1442,139.03
sty_037,styles,a fashion illustration of a dress,0.33388522267341614,139.47,41.42,0.0814,11.2
sty_038,styles,a architectural drawing of a building,0.31244271993637085,150.17,77.32,0.224,30.32
sty_039,styles,a technical drawing of a machine,0.3434544801712036,149.89,75.1,0.0904,22.08
sty_040,styles,a storyboard sketch of a scene,0.3286736309528351,115.75,28.95,0.0866,4.95
sty_041,styles,a japanese ink wash painting of bamboo,0.34663212299346924,115.28,42.21,0.0866,12.1
sty_042,styles,a chinese calligraphy artwork,0.3365621566772461,129.03,63.47,0.0552,66.21
sty_043,styles,an indian mandala design,0.31456196308135986,127.22,101.47,0.203,129.77
sty_044,styles,an african tribal pattern,0.2884176969528198,116.6,107.86,0.2107,113.64
sty_045,styles,a native american dreamcatcher art,0.3547042906284332,158.92,92.04,0.1147,68.46
sty_046,styles,a celtic knot design,0.3562107980251312,142.07,117.66,0.1205,13.85
sty_047,styles,a persian miniature painting,0.3324231207370758,114.88,50.36,0.2558,137.57
sty_048,styles,a mexican folk art skull,0.3386054039001465,103.63,61.8,0.1734,185.27
sty_049,styles,an australian aboriginal dot painting,0.3161498010158539,106.97,92.0,0.0477,81.15
sty_050,styles,a greek mosaic pattern,0.30776309967041016,122.72,83.82,0.251,108.27
sty_051,styles,a photorealistic rendering of a car,0.30795353651046753,120.53,56.38,0.0472,71.3
sty_052,styles,a 3D render of a room,0.29202139377593994,127.81,59.36,0.0627,42.9
sty_053,styles,a low poly art of a deer,0.3836743235588074,102.41,44.05,0.0364,121.15
sty_054,styles,an isometric illustration of a house,0.3447803258895874,150.77,43.63,0.1329,54.24
sty_055,styles,a flat design icon set,0.317834734916687,133.32,35.31,0.0215,154.72
sty_056,styles,a neon light art sign,0.3162890672683716,110.95,67.4,0.0366,112.13
sty_057,styles,a holographic display design,0.28409022092819214,125.09,73.08,0.0823,105.64
sty_058,styles,a wireframe model of a chair,0.33835098147392273,147.33,54.1,0.0828,12.38
sty_059,styles,a voxel art castle,0.3267591595649719,101.62,51.5,0.0962,157.38
sty_060,styles,a tilt shift photograph of a city,0.3623397946357727,123.47,56.74,0.1406,62.57
sty_061,styles,an art nouveau poster design,0.33373013138771057,88.12,101.79,0.1408,140.05
sty_062,styles,an art deco building facade,0.3014669418334961,127.3,85.21,0.1559,83.92
sty_063,styles,a victorian era portrait,0.2764180302619934,114.99,66.52,0.1031,13.26
sty_064,styles,a medieval illuminated manuscript,0.32591551542282104,109.82,72.52,0.1794,131.4
sty_065,styles,a 1950s advertisement style,0.2913086414337158,116.78,94.59,0.0961,131.19
sty_066,styles,a 1980s synthwave aesthetic,0.33057624101638794,98.63,59.44,0.1655,211.82
sty_067,styles,a retro futuristic scene,0.3188546895980835,128.4,57.86,0.169,103.22
sty_068,styles,a steampunk mechanical device,0.34283798933029175,91.21,62.3,0.1235,118.26
sty_069,styles,a cyberpunk city street,0.33959776163101196,118.69,66.23,0.1689,95.6
sty_070,styles,a vaporwave aesthetic image,0.29677507281303406,102.14,63.3,0.1667,199.05
sty_071,styles,an embroidery design of flowers,0.3798547685146332,154.24,62.24,0.1627,104.42
sty_072,styles,a stained glass window design,0.32788729667663574,108.9,87.87,0.1463,174.62
sty_073,styles,a wood carving of an animal,0.32259637117385864,117.61,42.2,0.0379,87.91
sty_074,styles,a metal sculpture of a figure,0.3054523468017578,119.45,56.23,0.0419,49.96
sty_075,styles,a sand art mandala,0.3697567880153656,111.08,48.99,0.12,179.54
sty_076,styles,a chalk art on pavement,0.32589131593704224,142.41,57.15,0.1647,93.24
sty_077,styles,a paper cut art silhouette,0.3546987771987915,114.21,97.25,0.1665,74.26
sty_078,styles,a collage of magazine clippings,0.2960662841796875,109.75,90.34,0.1041,51.05
sty_079,styles,a mosaic tile artwork,0.33365678787231445,105.61,64.9,0.2122,150.09
sty_080,styles,a tapestry weaving pattern,0.3182640075683594,117.21,52.72,0.3133,134.33
sty_081,styles,a double exposure photograph,0.28012311458587646,107.93,48.2,0.0029,5.08
sty_082,styles,a glitch art portrait,0.341172993183136,96.96,51.92,0.0963,188.81
sty_083,styles,a cyanotype botanical print,0.3621405363082886,127.41,64.54,0.1096,110.65
sty_084,styles,a linocut print of a landscape,0.3651335835456848,132.92,82.43,0.2533,36.39
sty_085,styles,an etching of a cityscape,0.3411562144756317,122.35,40.69,0.1601,42.26
sty_086,styles,a woodblock print of waves,0.3471820056438446,117.84,84.66,0.1233,35.38
sty_087,styles,a screen print poster,0.2945866286754608,134.46,80.09,0.1319,42.1
sty_088,styles,a risograph printed zine cover,0.32319530844688416,152.94,60.76,0.1403,110.37
sty_089,styles,a lenticular animated image,0.3004007935523987,132.34,57.06,0.1036,109.96
sty_090,styles,an augmented reality overlay,0.2621012330055237,112.26,58.84,0.0653,98.61
